index_a,index_b
0,0
0,1
0,2
0,4
0,5
0,6
0,8
0,9
0,10
0,11
0,12
0,13
0,14
0,15
0,16
0,17
0,18
0,19
0,20
0,21
0,22
0,23
0,24
0,85
0,86
0,87
0,89
0,90
0,91
0,93
0,94
0,97
0,99
0,100
0,101
0,108
0,109
0,110
0,111
1,0
1,1
1,2
1,4
1,5
1,6
1,8
1,9
1,10
1,11
1,12
1,13
1,14
1,15
1,16
1,17
1,18
1,19
1,20
1,21
1,22
1,23
1,24
1,85
1,86
1,87
1,89
1,90
1,91
1,93
1,94
1,97
1,99
1,100
1,101
1,108
1,109
1,110
1,111
2,3
2,7
2,88
2,92
2,95
2,96
2,98
2,102
2,103
2,104
2,105
2,106
2,107
3,0
3,1
3,2
3,4
3,5
3,6
3,8
3,9
3,10
3,11
3,12
3,13
3,14
3,15
3,16
3,17
3,18
3,19
3,20
3,21
3,22
3,23
3,24
3,85
3,86
3,87
3,89
3,90
3,91
3,93
3,94
3,97
3,99
3,100
3,101
3,108
3,109
3,110
3,111
4,3
4,7
4,88
4,92
4,95
4,96
4,98
4,102
4,103
4,104
4,105
4,106
4,107
5,0
5,1
5,2
5,4
5,5
5,6
5,8
5,9
5,10
5,11
5,12
5,13
5,14
5,15
5,16
5,17
5,18
5,19
5,20
5,21
5,22
5,23
5,24
5,85
5,86
5,87
5,89
5,90
5,91
5,93
5,94
5,97
5,99
5,100
5,101
5,108
5,109
5,110
5,111
6,0
6,1
6,2
6,4
6,5
6,6
6,8
6,9
6,10
6,11
6,12
6,13
6,14
6,15
6,16
6,17
6,18
6,19
6,20
6,21
6,22
6,23
6,24
6,85
6,86
6,87
6,89
6,90
6,91
6,93
6,94
6,97
6,99
6,100
6,101
6,108
6,109
6,110
6,111
7,0
7,1
7,2
7,4
7,5
7,6
7,8
7,9
7,10
7,11
7,12
7,13
7,14
7,15
7,16
7,17
7,18
7,19
7,20
7,21
7,22
7,23
7,24
7,85
7,86
7,87
7,89
7,90
7,91
7,93
7,94
7,97
7,99
7,100
7,101
7,108
7,109
7,110
7,111
8,0
8,1
8,2
8,4
8,5
8,6
8,8
8,9
8,10
8,11
8,12
8,13
8,14
8,15
8,16
8,17
8,18
8,19
8,20
8,21
8,22
8,23
8,24
8,85
8,86
8,87
8,89
8,90
8,91
8,93
8,94
8,97
8,99
8,100
8,101
8,108
8,109
8,110
8,111
9,0
9,1
9,2
9,4
9,5
9,6
9,8
9,9
9,10
9,11
9,12
9,13
9,14
9,15
9,16
9,17
9,18
9,19
9,20
9,21
9,22
9,23
9,24
9,85
9,86
9,87
9,89
9,90
9,91
9,93
9,94
9,97
9,99
9,100
9,101
9,108
9,109
9,110
9,111
10,0
10,1
10,2
10,4
10,5
10,6
10,8
10,9
10,10
10,11
10,12
10,13
10,14
10,15
10,16
10,17
10,18
10,19
10,20
10,21
10,22
10,23
10,24
10,85
10,86
10,87
10,89
10,90
10,91
10,93
10,94
10,97
10,99
10,100
10,101
10,108
10,109
10,110
10,111
11,0
11,1
11,2
11,4
11,5
11,6
11,8
11,9
11,10
11,11
11,12
11,13
11,14
11,15
11,16
11,17
11,18
11,19
11,20
11,21
11,22
11,23
11,24
11,85
11,86
11,87
11,89
11,90
11,91
11,93
11,94
11,97
11,99
11,100
11,101
11,108
11,109
11,110
11,111
12,0
12,1
12,2
12,4
12,5
12,6
12,8
12,9
12,10
12,11
12,12
12,13
12,14
12,15
12,16
12,17
12,18
12,19
12,20
12,21
12,22
12,23
12,24
12,85
12,86
12,87
12,89
12,90
12,91
12,93
12,94
12,97
12,99
12,100
12,101
12,108
12,109
12,110
12,111
13,0
13,1
13,2
13,4
13,5
13,6
13,8
13,9
13,10
13,11
13,12
13,13
13,14
13,15
13,16
13,17
13,18
13,19
13,20
13,21
13,22
13,23
13,24
13,85
13,86
13,87
13,89
13,90
13,91
13,93
13,94
13,97
13,99
13,100
13,101
13,108
13,109
13,110
13,111
14,0
14,1
14,2
14,4
14,5
14,6
14,8
14,9
14,10
14,11
14,12
14,13
14,14
14,15
14,16
14,17
14,18
14,19
14,20
14,21
14,22
14,23
14,24
14,85
14,86
14,87
14,89
14,90
14,91
14,93
14,94
14,97
14,99
14,100
14,101
14,108
14,109
14,110
14,111
15,0
15,1
15,2
15,4
15,5
15,6
15,8
15,9
15,10
15,11
15,12
15,13
15,14
15,15
15,16
15,17
15,18
15,19
15,20
15,21
15,22
15,23
15,24
15,85
15,86
15,87
15,89
15,90
15,91
15,93
15,94
15,97
15,99
15,100
15,101
15,108
15,109
15,110
15,111
16,0
16,1
16,2
16,4
16,5
16,6
16,8
16,9
16,10
16,11
16,12
16,13
16,14
16,15
16,16
16,17
16,18
16,19
16,20
16,21
16,22
16,23
16,24
16,85
16,86
16,87
16,89
16,90
16,91
16,93
16,94
16,97
16,99
16,100
16,101
16,108
16,109
16,110
16,111
17,0
17,1
17,2
17,4
17,5
17,6
17,8
17,9
17,10
17,11
17,12
17,13
17,14
17,15
17,16
17,17
17,18
17,19
17,20
17,21
17,22
17,23
17,24
17,85
17,86
17,87
17,89
17,90
17,91
17,93
17,94
17,97
17,99
17,100
17,101
17,108
17,109
17,110
17,111
18,0
18,1
18,2
18,4
18,5
18,6
18,8
18,9
18,10
18,11
18,12
18,13
18,14
18,15
18,16
18,17
18,18
18,19
18,20
18,21
18,22
18,23
18,24
18,85
18,86
18,87
18,89
18,90
18,91
18,93
18,94
18,97
18,99
18,100
18,101
18,108
18,109
18,110
18,111
19,0
19,1
19,2
19,4
19,5
19,6
19,8
19,9
19,10
19,11
19,12
19,13
19,14
19,15
19,16
19,17
19,18
19,19
19,20
19,21
19,22
19,23
19,24
19,85
19,86
19,87
19,89
19,90
19,91
19,93
19,94
19,97
19,99
19,100
19,101
19,108
19,109
19,110
19,111
20,0
20,1
20,2
20,4
20,5
20,6
20,8
20,9
20,10
20,11
20,12
20,13
20,14
20,15
20,16
20,17
20,18
20,19
20,20
20,21
20,22
20,23
20,24
20,85
20,86
20,87
20,89
20,90
20,91
20,93
20,94
20,97
20,99
20,100
20,101
20,108
20,109
20,110
20,111
21,0
21,1
21,2
21,4
21,5
21,6
21,8
21,9
21,10
21,11
21,12
21,13
21,14
21,15
21,16
21,17
21,18
21,19
21,20
21,21
21,22
21,23
21,24
21,85
21,86
21,87
21,89
21,90
21,91
21,93
21,94
21,97
21,99
21,100
21,101
21,108
21,109
21,110
21,111
22,25
22,26
22,27
22,28
22,29
22,30
22,31
22,32
22,34
22,35
22,37
22,39
22,40
22,41
22,42
22,44
22,45
22,46
22,47
22,48
22,49
22,57
22,60
22,61
22,68
22,74
22,80
22,112
22,113
22,114
22,115
22,116
22,117
22,118
22,120
22,121
22,122
22,123
22,124
22,125
22,126
22,128
22,129
22,130
22,131
22,132
22,133
22,134
22,135
22,136
22,138
22,140
22,141
22,143
22,144
22,146
22,147
22,149
22,150
22,153
22,154
22,157
22,158
22,161
22,165
23,25
23,26
23,27
23,28
23,29
23,30
23,31
23,32
23,34
23,35
23,37
23,39
23,40
23,41
23,42
23,44
23,45
23,46
23,47
23,48
23,49
23,57
23,60
23,61
23,68
23,74
23,80
23,112
23,113
23,114
23,115
23,116
23,117
23,118
23,120
23,121
23,122
23,123
23,124
23,125
23,126
23,128
23,129
23,130
23,131
23,132
23,133
23,134
23,135
23,136
23,138
23,140
23,141
23,143
23,144
23,146
23,147
23,149
23,150
23,153
23,154
23,157
23,158
23,161
23,165
24,33
24,36
24,38
24,43
24,50
24,51
24,52
24,53
24,54
24,55
24,56
24,58
24,59
24,62
24,63
24,64
24,65
24,66
24,67
24,69
24,70
24,71
24,72
24,73
24,75
24,76
24,77
24,78
24,79
24,81
24,82
24,83
24,84
24,119
24,127
24,137
24,139
24,142
24,145
24,148
24,151
24,152
24,155
24,156
24,159
24,160
24,162
24,163
24,164
24,166
25,33
25,36
25,38
25,43
25,50
25,51
25,52
25,53
25,54
25,55
25,56
25,58
25,59
25,62
25,63
25,64
25,65
25,66
25,67
25,69
25,70
25,71
25,72
25,73
25,75
25,76
25,77
25,78
25,79
25,81
25,82
25,83
25,84
25,119
25,127
25,137
25,139
25,142
25,145
25,148
25,151
25,152
25,155
25,156
25,159
25,160
25,162
25,163
25,164
25,166
26,33
26,36
26,38
26,43
26,50
26,51
26,52
26,53
26,54
26,55
26,56
26,58
26,59
26,62
26,63
26,64
26,65
26,66
26,67
26,69
26,70
26,71
26,72
26,73
26,75
26,76
26,77
26,78
26,79
26,81
26,82
26,83
26,84
26,119
26,127
26,137
26,139
26,142
26,145
26,148
26,151
26,152
26,155
26,156
26,159
26,160
26,162
26,163
26,164
26,166
27,25
27,26
27,27
27,28
27,29
27,30
27,31
27,32
27,34
27,35
27,37
27,39
27,40
27,41
27,42
27,44
27,45
27,46
27,47
27,48
27,49
27,57
27,60
27,61
27,68
27,74
27,80
27,112
27,113
27,114
27,115
27,116
27,117
27,118
27,120
27,121
27,122
27,123
27,124
27,125
27,126
27,128
27,129
27,130
27,131
27,132
27,133
27,134
27,135
27,136
27,138
27,140
27,141
27,143
27,144
27,146
27,147
27,149
27,150
27,153
27,154
27,157
27,158
27,161
27,165
28,25
28,26
28,27
28,28
28,29
28,30
28,31
28,32
28,34
28,35
28,37
28,39
28,40
28,41
28,42
28,44
28,45
28,46
28,47
28,48
28,49
28,57
28,60
28,61
28,68
28,74
28,80
28,112
28,113
28,114
28,115
28,116
28,117
28,118
28,120
28,121
28,122
28,123
28,124
28,125
28,126
28,128
28,129
28,130
28,131
28,132
28,133
28,134
28,135
28,136
28,138
28,140
28,141
28,143
28,144
28,146
28,147
28,149
28,150
28,153
28,154
28,157
28,158
28,161
28,165
29,33
29,36
29,38
29,43
29,50
29,51
29,52
29,53
29,54
29,55
29,56
29,58
29,59
29,62
29,63
29,64
29,65
29,66
29,67
29,69
29,70
29,71
29,72
29,73
29,75
29,76
29,77
29,78
29,79
29,81
29,82
29,83
29,84
29,119
29,127
29,137
29,139
29,142
29,145
29,148
29,151
29,152
29,155
29,156
29,159
29,160
29,162
29,163
29,164
29,166
30,33
30,36
30,38
30,43
30,50
30,51
30,52
30,53
30,54
30,55
30,56
30,58
30,59
30,62
30,63
30,64
30,65
30,66
30,67
30,69
30,70
30,71
30,72
30,73
30,75
30,76
30,77
30,78
30,79
30,81
30,82
30,83
30,84
30,119
30,127
30,137
30,139
30,142
30,145
30,148
30,151
30,152
30,155
30,156
30,159
30,160
30,162
30,163
30,164
30,166
31,25
31,26
31,27
31,28
31,29
31,30
31,31
31,32
31,34
31,35
31,37
31,39
31,40
31,41
31,42
31,44
31,45
31,46
31,47
31,48
31,49
31,57
31,60
31,61
31,68
31,74
31,80
31,112
31,113
31,114
31,115
31,116
31,117
31,118
31,120
31,121
31,122
31,123
31,124
31,125
31,126
31,128
31,129
31,130
31,131
31,132
31,133
31,134
31,135
31,136
31,138
31,140
31,141
31,143
31,144
31,146
31,147
31,149
31,150
31,153
31,154
31,157
31,158
31,161
31,165
32,25
32,26
32,27
32,28
32,29
32,30
32,31
32,32
32,34
32,35
32,37
32,39
32,40
32,41
32,42
32,44
32,45
32,46
32,47
32,48
32,49
32,57
32,60
32,61
32,68
32,74
32,80
32,112
32,113
32,114
32,115
32,116
32,117
32,118
32,120
32,121
32,122
32,123
32,124
32,125
32,126
32,128
32,129
32,130
32,131
32,132
32,133
32,134
32,135
32,136
32,138
32,140
32,141
32,143
32,144
32,146
32,147
32,149
32,150
32,153
32,154
32,157
32,158
32,161
32,165
33,25
33,26
33,27
33,28
33,29
33,30
33,31
33,32
33,34
33,35
33,37
33,39
33,40
33,41
33,42
33,44
33,45
33,46
33,47
33,48
33,49
33,57
33,60
33,61
33,68
33,74
33,80
33,112
33,113
33,114
33,115
33,116
33,117
33,118
33,120
33,121
33,122
33,123
33,124
33,125
33,126
33,128
33,129
33,130
33,131
33,132
33,133
33,134
33,135
33,136
33,138
33,140
33,141
33,143
33,144
33,146
33,147
33,149
33,150
33,153
33,154
33,157
33,158
33,161
33,165
34,33
34,36
34,38
34,43
34,50
34,51
34,52
34,53
34,54
34,55
34,56
34,58
34,59
34,62
34,63
34,64
34,65
34,66
34,67
34,69
34,70
34,71
34,72
34,73
34,75
34,76
34,77
34,78
34,79
34,81
34,82
34,83
34,84
34,119
34,127
34,137
34,139
34,142
34,145
34,148
34,151
34,152
34,155
34,156
34,159
34,160
34,162
34,163
34,164
34,166
35,25
35,26
35,27
35,28
35,29
35,30
35,31
35,32
35,34
35,35
35,37
35,39
35,40
35,41
35,42
35,44
35,45
35,46
35,47
35,48
35,49
35,57
35,60
35,61
35,68
35,74
35,80
35,112
35,113
35,114
35,115
35,116
35,117
35,118
35,120
35,121
35,122
35,123
35,124
35,125
35,126
35,128
35,129
35,130
35,131
35,132
35,133
35,134
35,135
35,136
35,138
35,140
35,141
35,143
35,144
35,146
35,147
35,149
35,150
35,153
35,154
35,157
35,158
35,161
35,165
36,25
36,26
36,27
36,28
36,29
36,30
36,31
36,32
36,34
36,35
36,37
36,39
36,40
36,41
36,42
36,44
36,45
36,46
36,47
36,48
36,49
36,57
36,60
36,61
36,68
36,74
36,80
36,112
36,113
36,114
36,115
36,116
36,117
36,118
36,120
36,121
36,122
36,123
36,124
36,125
36,126
36,128
36,129
36,130
36,131
36,132
36,133
36,134
36,135
36,136
36,138
36,140
36,141
36,143
36,144
36,146
36,147
36,149
36,150
36,153
36,154
36,157
36,158
36,161
36,165
37,25
37,26
37,27
37,28
37,29
37,30
37,31
37,32
37,34
37,35
37,37
37,39
37,40
37,41
37,42
37,44
37,45
37,46
37,47
37,48
37,49
37,57
37,60
37,61
37,68
37,74
37,80
37,112
37,113
37,114
37,115
37,116
37,117
37,118
37,120
37,121
37,122
37,123
37,124
37,125
37,126
37,128
37,129
37,130
37,131
37,132
37,133
37,134
37,135
37,136
37,138
37,140
37,141
37,143
37,144
37,146
37,147
37,149
37,150
37,153
37,154
37,157
37,158
37,161
37,165
38,25
38,26
38,27
38,28
38,29
38,30
38,31
38,32
38,34
38,35
38,37
38,39
38,40
38,41
38,42
38,44
38,45
38,46
38,47
38,48
38,49
38,57
38,60
38,61
38,68
38,74
38,80
38,112
38,113
38,114
38,115
38,116
38,117
38,118
38,120
38,121
38,122
38,123
38,124
38,125
38,126
38,128
38,129
38,130
38,131
38,132
38,133
38,134
38,135
38,136
38,138
38,140
38,141
38,143
38,144
38,146
38,147
38,149
38,150
38,153
38,154
38,157
38,158
38,161
38,165
39,33
39,36
39,38
39,43
39,50
39,51
39,52
39,53
39,54
39,55
39,56
39,58
39,59
39,62
39,63
39,64
39,65
39,66
39,67
39,69
39,70
39,71
39,72
39,73
39,75
39,76
39,77
39,78
39,79
39,81
39,82
39,83
39,84
39,119
39,127
39,137
39,139
39,142
39,145
39,148
39,151
39,152
39,155
39,156
39,159
39,160
39,162
39,163
39,164
39,166
40,33
40,36
40,38
40,43
40,50
40,51
40,52
40,53
40,54
40,55
40,56
40,58
40,59
40,62
40,63
40,64
40,65
40,66
40,67
40,69
40,70
40,71
40,72
40,73
40,75
40,76
40,77
40,78
40,79
40,81
40,82
40,83
40,84
40,119
40,127
40,137
40,139
40,142
40,145
40,148
40,151
40,152
40,155
40,156
40,159
40,160
40,162
40,163
40,164
40,166
41,25
41,26
41,27
41,28
41,29
41,30
41,31
41,32
41,34
41,35
41,37
41,39
41,40
41,41
41,42
41,44
41,45
41,46
41,47
41,48
41,49
41,57
41,60
41,61
41,68
41,74
41,80
41,112
41,113
41,114
41,115
41,116
41,117
41,118
41,120
41,121
41,122
41,123
41,124
41,125
41,126
41,128
41,129
41,130
41,131
41,132
41,133
41,134
41,135
41,136
41,138
41,140
41,141
41,143
41,144
41,146
41,147
41,149
41,150
41,153
41,154
41,157
41,158
41,161
41,165
42,33
42,36
42,38
42,43
42,50
42,51
42,52
42,53
42,54
42,55
42,56
42,58
42,59
42,62
42,63
42,64
42,65
42,66
42,67
42,69
42,70
42,71
42,72
42,73
42,75
42,76
42,77
42,78
42,79
42,81
42,82
42,83
42,84
42,119
42,127
42,137
42,139
42,142
42,145
42,148
42,151
42,152
42,155
42,156
42,159
42,160
42,162
42,163
42,164
42,166
43,25
43,26
43,27
43,28
43,29
43,30
43,31
43,32
43,34
43,35
43,37
43,39
43,40
43,41
43,42
43,44
43,45
43,46
43,47
43,48
43,49
43,57
43,60
43,61
43,68
43,74
43,80
43,112
43,113
43,114
43,115
43,116
43,117
43,118
43,120
43,121
43,122
43,123
43,124
43,125
43,126
43,128
43,129
43,130
43,131
43,132
43,133
43,134
43,135
43,136
43,138
43,140
43,141
43,143
43,144
43,146
43,147
43,149
43,150
43,153
43,154
43,157
43,158
43,161
43,165
44,33
44,36
44,38
44,43
44,50
44,51
44,52
44,53
44,54
44,55
44,56
44,58
44,59
44,62
44,63
44,64
44,65
44,66
44,67
44,69
44,70
44,71
44,72
44,73
44,75
44,76
44,77
44,78
44,79
44,81
44,82
44,83
44,84
44,119
44,127
44,137
44,139
44,142
44,145
44,148
44,151
44,152
44,155
44,156
44,159
44,160
44,162
44,163
44,164
44,166
45,25
45,26
45,27
45,28
45,29
45,30
45,31
45,32
45,34
45,35
45,37
45,39
45,40
45,41
45,42
45,44
45,45
45,46
45,47
45,48
45,49
45,57
45,60
45,61
45,68
45,74
45,80
45,112
45,113
45,114
45,115
45,116
45,117
45,118
45,120
45,121
45,122
45,123
45,124
45,125
45,126
45,128
45,129
45,130
45,131
45,132
45,133
45,134
45,135
45,136
45,138
45,140
45,141
45,143
45,144
45,146
45,147
45,149
45,150
45,153
45,154
45,157
45,158
45,161
45,165
46,25
46,26
46,27
46,28
46,29
46,30
46,31
46,32
46,34
46,35
46,37
46,39
46,40
46,41
46,42
46,44
46,45
46,46
46,47
46,48
46,49
46,57
46,60
46,61
46,68
46,74
46,80
46,112
46,113
46,114
46,115
46,116
46,117
46,118
46,120
46,121
46,122
46,123
46,124
46,125
46,126
46,128
46,129
46,130
46,131
46,132
46,133
46,134
46,135
46,136
46,138
46,140
46,141
46,143
46,144
46,146
46,147
46,149
46,150
46,153
46,154
46,157
46,158
46,161
46,165
47,25
47,26
47,27
47,28
47,29
47,30
47,31
47,32
47,34
47,35
47,37
47,39
47,40
47,41
47,42
47,44
47,45
47,46
47,47
47,48
47,49
47,57
47,60
47,61
47,68
47,74
47,80
47,112
47,113
47,114
47,115
47,116
47,117
47,118
47,120
47,121
47,122
47,123
47,124
47,125
47,126
47,128
47,129
47,130
47,131
47,132
47,133
47,134
47,135
47,136
47,138
47,140
47,141
47,143
47,144
47,146
47,147
47,149
47,150
47,153
47,154
47,157
47,158
47,161
47,165
48,25
48,26
48,27
48,28
48,29
48,30
48,31
48,32
48,34
48,35
48,37
48,39
48,40
48,41
48,42
48,44
48,45
48,46
48,47
48,48
48,49
48,57
48,60
48,61
48,68
48,74
48,80
48,112
48,113
48,114
48,115
48,116
48,117
48,118
48,120
48,121
48,122
48,123
48,124
48,125
48,126
48,128
48,129
48,130
48,131
48,132
48,133
48,134
48,135
48,136
48,138
48,140
48,141
48,143
48,144
48,146
48,147
48,149
48,150
48,153
48,154
48,157
48,158
48,161
48,165
49,33
49,36
49,38
49,43
49,50
49,51
49,52
49,53
49,54
49,55
49,56
49,58
49,59
49,62
49,63
49,64
49,65
49,66
49,67
49,69
49,70
49,71
49,72
49,73
49,75
49,76
49,77
49,78
49,79
49,81
49,82
49,83
49,84
49,119
49,127
49,137
49,139
49,142
49,145
49,148
49,151
49,152
49,155
49,156
49,159
49,160
49,162
49,163
49,164
49,166
50,25
50,26
50,27
50,28
50,29
50,30
50,31
50,32
50,34
50,35
50,37
50,39
50,40
50,41
50,42
50,44
50,45
50,46
50,47
50,48
50,49
50,57
50,60
50,61
50,68
50,74
50,80
50,112
50,113
50,114
50,115
50,116
50,117
50,118
50,120
50,121
50,122
50,123
50,124
50,125
50,126
50,128
50,129
50,130
50,131
50,132
50,133
50,134
50,135
50,136
50,138
50,140
50,141
50,143
50,144
50,146
50,147
50,149
50,150
50,153
50,154
50,157
50,158
50,161
50,165
51,25
51,26
51,27
51,28
51,29
51,30
51,31
51,32
51,34
51,35
51,37
51,39
51,40
51,41
51,42
51,44
51,45
51,46
51,47
51,48
51,49
51,57
51,60
51,61
51,68
51,74
51,80
51,112
51,113
51,114
51,115
51,116
51,117
51,118
51,120
51,121
51,122
51,123
51,124
51,125
51,126
51,128
51,129
51,130
51,131
51,132
51,133
51,134
51,135
51,136
51,138
51,140
51,141
51,143
51,144
51,146
51,147
51,149
51,150
51,153
51,154
51,157
51,158
51,161
51,165
52,25
52,26
52,27
52,28
52,29
52,30
52,31
52,32
52,34
52,35
52,37
52,39
52,40
52,41
52,42
52,44
52,45
52,46
52,47
52,48
52,49
52,57
52,60
52,61
52,68
52,74
52,80
52,112
52,113
52,114
52,115
52,116
52,117
52,118
52,120
52,121
52,122
52,123
52,124
52,125
52,126
52,128
52,129
52,130
52,131
52,132
52,133
52,134
52,135
52,136
52,138
52,140
52,141
52,143
52,144
52,146
52,147
52,149
52,150
52,153
52,154
52,157
52,158
52,161
52,165
53,25
53,26
53,27
53,28
53,29
53,30
53,31
53,32
53,34
53,35
53,37
53,39
53,40
53,41
53,42
53,44
53,45
53,46
53,47
53,48
53,49
53,57
53,60
53,61
53,68
53,74
53,80
53,112
53,113
53,114
53,115
53,116
53,117
53,118
53,120
53,121
53,122
53,123
53,124
53,125
53,126
53,128
53,129
53,130
53,131
53,132
53,133
53,134
53,135
53,136
53,138
53,140
53,141
53,143
53,144
53,146
53,147
53,149
53,150
53,153
53,154
53,157
53,158
53,161
53,165
54,33
54,36
54,38
54,43
54,50
54,51
54,52
54,53
54,54
54,55
54,56
54,58
54,59
54,62
54,63
54,64
54,65
54,66
54,67
54,69
54,70
54,71
54,72
54,73
54,75
54,76
54,77
54,78
54,79
54,81
54,82
54,83
54,84
54,119
54,127
54,137
54,139
54,142
54,145
54,148
54,151
54,152
54,155
54,156
54,159
54,160
54,162
54,163
54,164
54,166
55,33
55,36
55,38
55,43
55,50
55,51
55,52
55,53
55,54
55,55
55,56
55,58
55,59
55,62
55,63
55,64
55,65
55,66
55,67
55,69
55,70
55,71
55,72
55,73
55,75
55,76
55,77
55,78
55,79
55,81
55,82
55,83
55,84
55,119
55,127
55,137
55,139
55,142
55,145
55,148
55,151
55,152
55,155
55,156
55,159
55,160
55,162
55,163
55,164
55,166
56,33
56,36
56,38
56,43
56,50
56,51
56,52
56,53
56,54
56,55
56,56
56,58
56,59
56,62
56,63
56,64
56,65
56,66
56,67
56,69
56,70
56,71
56,72
56,73
56,75
56,76
56,77
56,78
56,79
56,81
56,82
56,83
56,84
56,119
56,127
56,137
56,139
56,142
56,145
56,148
56,151
56,152
56,155
56,156
56,159
56,160
56,162
56,163
56,164
56,166
57,33
57,36
57,38
57,43
57,50
57,51
57,52
57,53
57,54
57,55
57,56
57,58
57,59
57,62
57,63
57,64
57,65
57,66
57,67
57,69
57,70
57,71
57,72
57,73
57,75
57,76
57,77
57,78
57,79
57,81
57,82
57,83
57,84
57,119
57,127
57,137
57,139
57,142
57,145
57,148
57,151
57,152
57,155
57,156
57,159
57,160
57,162
57,163
57,164
57,166
58,33
58,36
58,38
58,43
58,50
58,51
58,52
58,53
58,54
58,55
58,56
58,58
58,59
58,62
58,63
58,64
58,65
58,66
58,67
58,69
58,70
58,71
58,72
58,73
58,75
58,76
58,77
58,78
58,79
58,81
58,82
58,83
58,84
58,119
58,127
58,137
58,139
58,142
58,145
58,148
58,151
58,152
58,155
58,156
58,159
58,160
58,162
58,163
58,164
58,166
59,33
59,36
59,38
59,43
59,50
59,51
59,52
59,53
59,54
59,55
59,56
59,58
59,59
59,62
59,63
59,64
59,65
59,66
59,67
59,69
59,70
59,71
59,72
59,73
59,75
59,76
59,77
59,78
59,79
59,81
59,82
59,83
59,84
59,119
59,127
59,137
59,139
59,142
59,145
59,148
59,151
59,152
59,155
59,156
59,159
59,160
59,162
59,163
59,164
59,166
60,33
60,36
60,38
60,43
60,50
60,51
60,52
60,53
60,54
60,55
60,56
60,58
60,59
60,62
60,63
60,64
60,65
60,66
60,67
60,69
60,70
60,71
60,72
60,73
60,75
60,76
60,77
60,78
60,79
60,81
60,82
60,83
60,84
60,119
60,127
60,137
60,139
60,142
60,145
60,148
60,151
60,152
60,155
60,156
60,159
60,160
60,162
60,163
60,164
60,166
61,33
61,36
61,38
61,43
61,50
61,51
61,52
61,53
61,54
61,55
61,56
61,58
61,59
61,62
61,63
61,64
61,65
61,66
61,67
61,69
61,70
61,71
61,72
61,73
61,75
61,76
61,77
61,78
61,79
61,81
61,82
61,83
61,84
61,119
61,127
61,137
61,139
61,142
61,145
61,148
61,151
61,152
61,155
61,156
61,159
61,160
61,162
61,163
61,164
61,166
62,33
62,36
62,38
62,43
62,50
62,51
62,52
62,53
62,54
62,55
62,56
62,58
62,59
62,62
62,63
62,64
62,65
62,66
62,67
62,69
62,70
62,71
62,72
62,73
62,75
62,76
62,77
62,78
62,79
62,81
62,82
62,83
62,84
62,119
62,127
62,137
62,139
62,142
62,145
62,148
62,151
62,152
62,155
62,156
62,159
62,160
62,162
62,163
62,164
62,166
63,33
63,36
63,38
63,43
63,50
63,51
63,52
63,53
63,54
63,55
63,56
63,58
63,59
63,62
63,63
63,64
63,65
63,66
63,67
63,69
63,70
63,71
63,72
63,73
63,75
63,76
63,77
63,78
63,79
63,81
63,82
63,83
63,84
63,119
63,127
63,137
63,139
63,142
63,145
63,148
63,151
63,152
63,155
63,156
63,159
63,160
63,162
63,163
63,164
63,166
64,33
64,36
64,38
64,43
64,50
64,51
64,52
64,53
64,54
64,55
64,56
64,58
64,59
64,62
64,63
64,64
64,65
64,66
64,67
64,69
64,70
64,71
64,72
64,73
64,75
64,76
64,77
64,78
64,79
64,81
64,82
64,83
64,84
64,119
64,127
64,137
64,139
64,142
64,145
64,148
64,151
64,152
64,155
64,156
64,159
64,160
64,162
64,163
64,164
64,166
65,33
65,36
65,38
65,43
65,50
65,51
65,52
65,53
65,54
65,55
65,56
65,58
65,59
65,62
65,63
65,64
65,65
65,66
65,67
65,69
65,70
65,71
65,72
65,73
65,75
65,76
65,77
65,78
65,79
65,81
65,82
65,83
65,84
65,119
65,127
65,137
65,139
65,142
65,145
65,148
65,151
65,152
65,155
65,156
65,159
65,160
65,162
65,163
65,164
65,166
66,33
66,36
66,38
66,43
66,50
66,51
66,52
66,53
66,54
66,55
66,56
66,58
66,59
66,62
66,63
66,64
66,65
66,66
66,67
66,69
66,70
66,71
66,72
66,73
66,75
66,76
66,77
66,78
66,79
66,81
66,82
66,83
66,84
66,119
66,127
66,137
66,139
66,142
66,145
66,148
66,151
66,152
66,155
66,156
66,159
66,160
66,162
66,163
66,164
66,166
67,33
67,36
67,38
67,43
67,50
67,51
67,52
67,53
67,54
67,55
67,56
67,58
67,59
67,62
67,63
67,64
67,65
67,66
67,67
67,69
67,70
67,71
67,72
67,73
67,75
67,76
67,77
67,78
67,79
67,81
67,82
67,83
67,84
67,119
67,127
67,137
67,139
67,142
67,145
67,148
67,151
67,152
67,155
67,156
67,159
67,160
67,162
67,163
67,164
67,166
68,33
68,36
68,38
68,43
68,50
68,51
68,52
68,53
68,54
68,55
68,56
68,58
68,59
68,62
68,63
68,64
68,65
68,66
68,67
68,69
68,70
68,71
68,72
68,73
68,75
68,76
68,77
68,78
68,79
68,81
68,82
68,83
68,84
68,119
68,127
68,137
68,139
68,142
68,145
68,148
68,151
68,152
68,155
68,156
68,159
68,160
68,162
68,163
68,164
68,166
69,33
69,36
69,38
69,43
69,50
69,51
69,52
69,53
69,54
69,55
69,56
69,58
69,59
69,62
69,63
69,64
69,65
69,66
69,67
69,69
69,70
69,71
69,72
69,73
69,75
69,76
69,77
69,78
69,79
69,81
69,82
69,83
69,84
69,119
69,127
69,137
69,139
69,142
69,145
69,148
69,151
69,152
69,155
69,156
69,159
69,160
69,162
69,163
69,164
69,166
70,33
70,36
70,38
70,43
70,50
70,51
70,52
70,53
70,54
70,55
70,56
70,58
70,59
70,62
70,63
70,64
70,65
70,66
70,67
70,69
70,70
70,71
70,72
70,73
70,75
70,76
70,77
70,78
70,79
70,81
70,82
70,83
70,84
70,119
70,127
70,137
70,139
70,142
70,145
70,148
70,151
70,152
70,155
70,156
70,159
70,160
70,162
70,163
70,164
70,166
71,33
71,36
71,38
71,43
71,50
71,51
71,52
71,53
71,54
71,55
71,56
71,58
71,59
71,62
71,63
71,64
71,65
71,66
71,67
71,69
71,70
71,71
71,72
71,73
71,75
71,76
71,77
71,78
71,79
71,81
71,82
71,83
71,84
71,119
71,127
71,137
71,139
71,142
71,145
71,148
71,151
71,152
71,155
71,156
71,159
71,160
71,162
71,163
71,164
71,166
72,33
72,36
72,38
72,43
72,50
72,51
72,52
72,53
72,54
72,55
72,56
72,58
72,59
72,62
72,63
72,64
72,65
72,66
72,67
72,69
72,70
72,71
72,72
72,73
72,75
72,76
72,77
72,78
72,79
72,81
72,82
72,83
72,84
72,119
72,127
72,137
72,139
72,142
72,145
72,148
72,151
72,152
72,155
72,156
72,159
72,160
72,162
72,163
72,164
72,166
73,33
73,36
73,38
73,43
73,50
73,51
73,52
73,53
73,54
73,55
73,56
73,58
73,59
73,62
73,63
73,64
73,65
73,66
73,67
73,69
73,70
73,71
73,72
73,73
73,75
73,76
73,77
73,78
73,79
73,81
73,82
73,83
73,84
73,119
73,127
73,137
73,139
73,142
73,145
73,148
73,151
73,152
73,155
73,156
73,159
73,160
73,162
73,163
73,164
73,166
74,33
74,36
74,38
74,43
74,50
74,51
74,52
74,53
74,54
74,55
74,56
74,58
74,59
74,62
74,63
74,64
74,65
74,66
74,67
74,69
74,70
74,71
74,72
74,73
74,75
74,76
74,77
74,78
74,79
74,81
74,82
74,83
74,84
74,119
74,127
74,137
74,139
74,142
74,145
74,148
74,151
74,152
74,155
74,156
74,159
74,160
74,162
74,163
74,164
74,166
75,33
75,36
75,38
75,43
75,50
75,51
75,52
75,53
75,54
75,55
75,56
75,58
75,59
75,62
75,63
75,64
75,65
75,66
75,67
75,69
75,70
75,71
75,72
75,73
75,75
75,76
75,77
75,78
75,79
75,81
75,82
75,83
75,84
75,119
75,127
75,137
75,139
75,142
75,145
75,148
75,151
75,152
75,155
75,156
75,159
75,160
75,162
75,163
75,164
75,166
76,25
76,26
76,27
76,28
76,29
76,30
76,31
76,32
76,34
76,35
76,37
76,39
76,40
76,41
76,42
76,44
76,45
76,46
76,47
76,48
76,49
76,57
76,60
76,61
76,68
76,74
76,80
76,112
76,113
76,114
76,115
76,116
76,117
76,118
76,120
76,121
76,122
76,123
76,124
76,125
76,126
76,128
76,129
76,130
76,131
76,132
76,133
76,134
76,135
76,136
76,138
76,140
76,141
76,143
76,144
76,146
76,147
76,149
76,150
76,153
76,154
76,157
76,158
76,161
76,165
77,33
77,36
77,38
77,43
77,50
77,51
77,52
77,53
77,54
77,55
77,56
77,58
77,59
77,62
77,63
77,64
77,65
77,66
77,67
77,69
77,70
77,71
77,72
77,73
77,75
77,76
77,77
77,78
77,79
77,81
77,82
77,83
77,84
77,119
77,127
77,137
77,139
77,142
77,145
77,148
77,151
77,152
77,155
77,156
77,159
77,160
77,162
77,163
77,164
77,166
78,33
78,36
78,38
78,43
78,50
78,51
78,52
78,53
78,54
78,55
78,56
78,58
78,59
78,62
78,63
78,64
78,65
78,66
78,67
78,69
78,70
78,71
78,72
78,73
78,75
78,76
78,77
78,78
78,79
78,81
78,82
78,83
78,84
78,119
78,127
78,137
78,139
78,142
78,145
78,148
78,151
78,152
78,155
78,156
78,159
78,160
78,162
78,163
78,164
78,166
79,33
79,36
79,38
79,43
79,50
79,51
79,52
79,53
79,54
79,55
79,56
79,58
79,59
79,62
79,63
79,64
79,65
79,66
79,67
79,69
79,70
79,71
79,72
79,73
79,75
79,76
79,77
79,78
79,79
79,81
79,82
79,83
79,84
79,119
79,127
79,137
79,139
79,142
79,145
79,148
79,151
79,152
79,155
79,156
79,159
79,160
79,162
79,163
79,164
79,166
80,33
80,36
80,38
80,43
80,50
80,51
80,52
80,53
80,54
80,55
80,56
80,58
80,59
80,62
80,63
80,64
80,65
80,66
80,67
80,69
80,70
80,71
80,72
80,73
80,75
80,76
80,77
80,78
80,79
80,81
80,82
80,83
80,84
80,119
80,127
80,137
80,139
80,142
80,145
80,148
80,151
80,152
80,155
80,156
80,159
80,160
80,162
80,163
80,164
80,166
81,33
81,36
81,38
81,43
81,50
81,51
81,52
81,53
81,54
81,55
81,56
81,58
81,59
81,62
81,63
81,64
81,65
81,66
81,67
81,69
81,70
81,71
81,72
81,73
81,75
81,76
81,77
81,78
81,79
81,81
81,82
81,83
81,84
81,119
81,127
81,137
81,139
81,142
81,145
81,148
81,151
81,152
81,155
81,156
81,159
81,160
81,162
81,163
81,164
81,166
82,25
82,26
82,27
82,28
82,29
82,30
82,31
82,32
82,34
82,35
82,37
82,39
82,40
82,41
82,42
82,44
82,45
82,46
82,47
82,48
82,49
82,57
82,60
82,61
82,68
82,74
82,80
82,112
82,113
82,114
82,115
82,116
82,117
82,118
82,120
82,121
82,122
82,123
82,124
82,125
82,126
82,128
82,129
82,130
82,131
82,132
82,133
82,134
82,135
82,136
82,138
82,140
82,141
82,143
82,144
82,146
82,147
82,149
82,150
82,153
82,154
82,157
82,158
82,161
82,165
83,33
83,36
83,38
83,43
83,50
83,51
83,52
83,53
83,54
83,55
83,56
83,58
83,59
83,62
83,63
83,64
83,65
83,66
83,67
83,69
83,70
83,71
83,72
83,73
83,75
83,76
83,77
83,78
83,79
83,81
83,82
83,83
83,84
83,119
83,127
83,137
83,139
83,142
83,145
83,148
83,151
83,152
83,155
83,156
83,159
83,160
83,162
83,163
83,164
83,166
84,33
84,36
84,38
84,43
84,50
84,51
84,52
84,53
84,54
84,55
84,56
84,58
84,59
84,62
84,63
84,64
84,65
84,66
84,67
84,69
84,70
84,71
84,72
84,73
84,75
84,76
84,77
84,78
84,79
84,81
84,82
84,83
84,84
84,119
84,127
84,137
84,139
84,142
84,145
84,148
84,151
84,152
84,155
84,156
84,159
84,160
84,162
84,163
84,164
84,166
85,0
85,1
85,2
85,4
85,5
85,6
85,8
85,9
85,10
85,11
85,12
85,13
85,14
85,15
85,16
85,17
85,18
85,19
85,20
85,21
85,22
85,23
85,24
85,85
85,86
85,87
85,89
85,90
85,91
85,93
85,94
85,97
85,99
85,100
85,101
85,108
85,109
85,110
85,111
86,3
86,7
86,88
86,92
86,95
86,96
86,98
86,102
86,103
86,104
86,105
86,106
86,107
87,0
87,1
87,2
87,4
87,5
87,6
87,8
87,9
87,10
87,11
87,12
87,13
87,14
87,15
87,16
87,17
87,18
87,19
87,20
87,21
87,22
87,23
87,24
87,85
87,86
87,87
87,89
87,90
87,91
87,93
87,94
87,97
87,99
87,100
87,101
87,108
87,109
87,110
87,111
88,0
88,1
88,2
88,4
88,5
88,6
88,8
88,9
88,10
88,11
88,12
88,13
88,14
88,15
88,16
88,17
88,18
88,19
88,20
88,21
88,22
88,23
88,24
88,85
88,86
88,87
88,89
88,90
88,91
88,93
88,94
88,97
88,99
88,100
88,101
88,108
88,109
88,110
88,111
89,0
89,1
89,2
89,4
89,5
89,6
89,8
89,9
89,10
89,11
89,12
89,13
89,14
89,15
89,16
89,17
89,18
89,19
89,20
89,21
89,22
89,23
89,24
89,85
89,86
89,87
89,89
89,90
89,91
89,93
89,94
89,97
89,99
89,100
89,101
89,108
89,109
89,110
89,111
90,3
90,7
90,88
90,92
90,95
90,96
90,98
90,102
90,103
90,104
90,105
90,106
90,107
91,0
91,1
91,2
91,4
91,5
91,6
91,8
91,9
91,10
91,11
91,12
91,13
91,14
91,15
91,16
91,17
91,18
91,19
91,20
91,21
91,22
91,23
91,24
91,85
91,86
91,87
91,89
91,90
91,91
91,93
91,94
91,97
91,99
91,100
91,101
91,108
91,109
91,110
91,111
92,0
92,1
92,2
92,4
92,5
92,6
92,8
92,9
92,10
92,11
92,12
92,13
92,14
92,15
92,16
92,17
92,18
92,19
92,20
92,21
92,22
92,23
92,24
92,85
92,86
92,87
92,89
92,90
92,91
92,93
92,94
92,97
92,99
92,100
92,101
92,108
92,109
92,110
92,111
93,3
93,7
93,88
93,92
93,95
93,96
93,98
93,102
93,103
93,104
93,105
93,106
93,107
94,3
94,7
94,88
94,92
94,95
94,96
94,98
94,102
94,103
94,104
94,105
94,106
94,107
95,3
95,7
95,88
95,92
95,95
95,96
95,98
95,102
95,103
95,104
95,105
95,106
95,107
96,3
96,7
96,88
96,92
96,95
96,96
96,98
96,102
96,103
96,104
96,105
96,106
96,107
97,3
97,7
97,88
97,92
97,95
97,96
97,98
97,102
97,103
97,104
97,105
97,106
97,107
98,3
98,7
98,88
98,92
98,95
98,96
98,98
98,102
98,103
98,104
98,105
98,106
98,107
99,3
99,7
99,88
99,92
99,95
99,96
99,98
99,102
99,103
99,104
99,105
99,106
99,107
100,0
100,1
100,2
100,4
100,5
100,6
100,8
100,9
100,10
100,11
100,12
100,13
100,14
100,15
100,16
100,17
100,18
100,19
100,20
100,21
100,22
100,23
100,24
100,85
100,86
100,87
100,89
100,90
100,91
100,93
100,94
100,97
100,99
100,100
100,101
100,108
100,109
100,110
100,111
101,3
101,7
101,88
101,92
101,95
101,96
101,98
101,102
101,103
101,104
101,105
101,106
101,107
102,3
102,7
102,88
102,92
102,95
102,96
102,98
102,102
102,103
102,104
102,105
102,106
102,107
103,3
103,7
103,88
103,92
103,95
103,96
103,98
103,102
103,103
103,104
103,105
103,106
103,107
104,0
104,1
104,2
104,4
104,5
104,6
104,8
104,9
104,10
104,11
104,12
104,13
104,14
104,15
104,16
104,17
104,18
104,19
104,20
104,21
104,22
104,23
104,24
104,85
104,86
104,87
104,89
104,90
104,91
104,93
104,94
104,97
104,99
104,100
104,101
104,108
104,109
104,110
104,111
105,0
105,1
105,2
105,4
105,5
105,6
105,8
105,9
105,10
105,11
105,12
105,13
105,14
105,15
105,16
105,17
105,18
105,19
105,20
105,21
105,22
105,23
105,24
105,85
105,86
105,87
105,89
105,90
105,91
105,93
105,94
105,97
105,99
105,100
105,101
105,108
105,109
105,110
105,111
106,0
106,1
106,2
106,4
106,5
106,6
106,8
106,9
106,10
106,11
106,12
106,13
106,14
106,15
106,16
106,17
106,18
106,19
106,20
106,21
106,22
106,23
106,24
106,85
106,86
106,87
106,89
106,90
106,91
106,93
106,94
106,97
106,99
106,100
106,101
106,108
106,109
106,110
106,111
107,0
107,1
107,2
107,4
107,5
107,6
107,8
107,9
107,10
107,11
107,12
107,13
107,14
107,15
107,16
107,17
107,18
107,19
107,20
107,21
107,22
107,23
107,24
107,85
107,86
107,87
107,89
107,90
107,91
107,93
107,94
107,97
107,99
107,100
107,101
107,108
107,109
107,110
107,111
108,0
108,1
108,2
108,4
108,5
108,6
108,8
108,9
108,10
108,11
108,12
108,13
108,14
108,15
108,16
108,17
108,18
108,19
108,20
108,21
108,22
108,23
108,24
108,85
108,86
108,87
108,89
108,90
108,91
108,93
108,94
108,97
108,99
108,100
108,101
108,108
108,109
108,110
108,111
109,0
109,1
109,2
109,4
109,5
109,6
109,8
109,9
109,10
109,11
109,12
109,13
109,14
109,15
109,16
109,17
109,18
109,19
109,20
109,21
109,22
109,23
109,24
109,85
109,86
109,87
109,89
109,90
109,91
109,93
109,94
109,97
109,99
109,100
109,101
109,108
109,109
109,110
109,111
110,0
110,1
110,2
110,4
110,5
110,6
110,8
110,9
110,10
110,11
110,12
110,13
110,14
110,15
110,16
110,17
110,18
110,19
110,20
110,21
110,22
110,23
110,24
110,85
110,86
110,87
110,89
110,90
110,91
110,93
110,94
110,97
110,99
110,100
110,101
110,108
110,109
110,110
110,111
111,0
111,1
111,2
111,4
111,5
111,6
111,8
111,9
111,10
111,11
111,12
111,13
111,14
111,15
111,16
111,17
111,18
111,19
111,20
111,21
111,22
111,23
111,24
111,85
111,86
111,87
111,89
111,90
111,91
111,93
111,94
111,97
111,99
111,100
111,101
111,108
111,109
111,110
111,111
112,0
112,1
112,2
112,4
112,5
112,6
112,8
112,9
112,10
112,11
112,12
112,13
112,14
112,15
112,16
112,17
112,18
112,19
112,20
112,21
112,22
112,23
112,24
112,85
112,86
112,87
112,89
112,90
112,91
112,93
112,94
112,97
112,99
112,100
112,101
112,108
112,109
112,110
112,111
113,0
113,1
113,2
113,4
113,5
113,6
113,8
113,9
113,10
113,11
113,12
113,13
113,14
113,15
113,16
113,17
113,18
113,19
113,20
113,21
113,22
113,23
113,24
113,85
113,86
113,87
113,89
113,90
113,91
113,93
113,94
113,97
113,99
113,100
113,101
113,108
113,109
113,110
113,111
114,0
114,1
114,2
114,4
114,5
114,6
114,8
114,9
114,10
114,11
114,12
114,13
114,14
114,15
114,16
114,17
114,18
114,19
114,20
114,21
114,22
114,23
114,24
114,85
114,86
114,87
114,89
114,90
114,91
114,93
114,94
114,97
114,99
114,100
114,101
114,108
114,109
114,110
114,111
115,0
115,1
115,2
115,4
115,5
115,6
115,8
115,9
115,10
115,11
115,12
115,13
115,14
115,15
115,16
115,17
115,18
115,19
115,20
115,21
115,22
115,23
115,24
115,85
115,86
115,87
115,89
115,90
115,91
115,93
115,94
115,97
115,99
115,100
115,101
115,108
115,109
115,110
115,111
116,0
116,1
116,2
116,4
116,5
116,6
116,8
116,9
116,10
116,11
116,12
116,13
116,14
116,15
116,16
116,17
116,18
116,19
116,20
116,21
116,22
116,23
116,24
116,85
116,86
116,87
116,89
116,90
116,91
116,93
116,94
116,97
116,99
116,100
116,101
116,108
116,109
116,110
116,111
117,0
117,1
117,2
117,4
117,5
117,6
117,8
117,9
117,10
117,11
117,12
117,13
117,14
117,15
117,16
117,17
117,18
117,19
117,20
117,21
117,22
117,23
117,24
117,85
117,86
117,87
117,89
117,90
117,91
117,93
117,94
117,97
117,99
117,100
117,101
117,108
117,109
117,110
117,111
118,25
118,26
118,27
118,28
118,29
118,30
118,31
118,32
118,34
118,35
118,37
118,39
118,40
118,41
118,42
118,44
118,45
118,46
118,47
118,48
118,49
118,57
118,60
118,61
118,68
118,74
118,80
118,112
118,113
118,114
118,115
118,116
118,117
118,118
118,120
118,121
118,122
118,123
118,124
118,125
118,126
118,128
118,129
118,130
118,131
118,132
118,133
118,134
118,135
118,136
118,138
118,140
118,141
118,143
118,144
118,146
118,147
118,149
118,150
118,153
118,154
118,157
118,158
118,161
118,165
119,25
119,26
119,27
119,28
119,29
119,30
119,31
119,32
119,34
119,35
119,37
119,39
119,40
119,41
119,42
119,44
119,45
119,46
119,47
119,48
119,49
119,57
119,60
119,61
119,68
119,74
119,80
119,112
119,113
119,114
119,115
119,116
119,117
119,118
119,120
119,121
119,122
119,123
119,124
119,125
119,126
119,128
119,129
119,130
119,131
119,132
119,133
119,134
119,135
119,136
119,138
119,140
119,141
119,143
119,144
119,146
119,147
119,149
119,150
119,153
119,154
119,157
119,158
119,161
119,165
120,25
120,26
120,27
120,28
120,29
120,30
120,31
120,32
120,34
120,35
120,37
120,39
120,40
120,41
120,42
120,44
120,45
120,46
120,47
120,48
120,49
120,57
120,60
120,61
120,68
120,74
120,80
120,112
120,113
120,114
120,115
120,116
120,117
120,118
120,120
120,121
120,122
120,123
120,124
120,125
120,126
120,128
120,129
120,130
120,131
120,132
120,133
120,134
120,135
120,136
120,138
120,140
120,141
120,143
120,144
120,146
120,147
120,149
120,150
120,153
120,154
120,157
120,158
120,161
120,165
121,25
121,26
121,27
121,28
121,29
121,30
121,31
121,32
121,34
121,35
121,37
121,39
121,40
121,41
121,42
121,44
121,45
121,46
121,47
121,48
121,49
121,57
121,60
121,61
121,68
121,74
121,80
121,112
121,113
121,114
121,115
121,116
121,117
121,118
121,120
121,121
121,122
121,123
121,124
121,125
121,126
121,128
121,129
121,130
121,131
121,132
121,133
121,134
121,135
121,136
121,138
121,140
121,141
121,143
121,144
121,146
121,147
121,149
121,150
121,153
121,154
121,157
121,158
121,161
121,165
122,33
122,36
122,38
122,43
122,50
122,51
122,52
122,53
122,54
122,55
122,56
122,58
122,59
122,62
122,63
122,64
122,65
122,66
122,67
122,69
122,70
122,71
122,72
122,73
122,75
122,76
122,77
122,78
122,79
122,81
122,82
122,83
122,84
122,119
122,127
122,137
122,139
122,142
122,145
122,148
122,151
122,152
122,155
122,156
122,159
122,160
122,162
122,163
122,164
122,166
123,25
123,26
123,27
123,28
123,29
123,30
123,31
123,32
123,34
123,35
123,37
123,39
123,40
123,41
123,42
123,44
123,45
123,46
123,47
123,48
123,49
123,57
123,60
123,61
123,68
123,74
123,80
123,112
123,113
123,114
123,115
123,116
123,117
123,118
123,120
123,121
123,122
123,123
123,124
123,125
123,126
123,128
123,129
123,130
123,131
123,132
123,133
123,134
123,135
123,136
123,138
123,140
123,141
123,143
123,144
123,146
123,147
123,149
123,150
123,153
123,154
123,157
123,158
123,161
123,165
124,25
124,26
124,27
124,28
124,29
124,30
124,31
124,32
124,34
124,35
124,37
124,39
124,40
124,41
124,42
124,44
124,45
124,46
124,47
124,48
124,49
124,57
124,60
124,61
124,68
124,74
124,80
124,112
124,113
124,114
124,115
124,116
124,117
124,118
124,120
124,121
124,122
124,123
124,124
124,125
124,126
124,128
124,129
124,130
124,131
124,132
124,133
124,134
124,135
124,136
124,138
124,140
124,141
124,143
124,144
124,146
124,147
124,149
124,150
124,153
124,154
124,157
124,158
124,161
124,165
125,33
125,36
125,38
125,43
125,50
125,51
125,52
125,53
125,54
125,55
125,56
125,58
125,59
125,62
125,63
125,64
125,65
125,66
125,67
125,69
125,70
125,71
125,72
125,73
125,75
125,76
125,77
125,78
125,79
125,81
125,82
125,83
125,84
125,119
125,127
125,137
125,139
125,142
125,145
125,148
125,151
125,152
125,155
125,156
125,159
125,160
125,162
125,163
125,164
125,166
126,25
126,26
126,27
126,28
126,29
126,30
126,31
126,32
126,34
126,35
126,37
126,39
126,40
126,41
126,42
126,44
126,45
126,46
126,47
126,48
126,49
126,57
126,60
126,61
126,68
126,74
126,80
126,112
126,113
126,114
126,115
126,116
126,117
126,118
126,120
126,121
126,122
126,123
126,124
126,125
126,126
126,128
126,129
126,130
126,131
126,132
126,133
126,134
126,135
126,136
126,138
126,140
126,141
126,143
126,144
126,146
126,147
126,149
126,150
126,153
126,154
126,157
126,158
126,161
126,165
127,25
127,26
127,27
127,28
127,29
127,30
127,31
127,32
127,34
127,35
127,37
127,39
127,40
127,41
127,42
127,44
127,45
127,46
127,47
127,48
127,49
127,57
127,60
127,61
127,68
127,74
127,80
127,112
127,113
127,114
127,115
127,116
127,117
127,118
127,120
127,121
127,122
127,123
127,124
127,125
127,126
127,128
127,129
127,130
127,131
127,132
127,133
127,134
127,135
127,136
127,138
127,140
127,141
127,143
127,144
127,146
127,147
127,149
127,150
127,153
127,154
127,157
127,158
127,161
127,165
128,25
128,26
128,27
128,28
128,29
128,30
128,31
128,32
128,34
128,35
128,37
128,39
128,40
128,41
128,42
128,44
128,45
128,46
128,47
128,48
128,49
128,57
128,60
128,61
128,68
128,74
128,80
128,112
128,113
128,114
128,115
128,116
128,117
128,118
128,120
128,121
128,122
128,123
128,124
128,125
128,126
128,128
128,129
128,130
128,131
128,132
128,133
128,134
128,135
128,136
128,138
128,140
128,141
128,143
128,144
128,146
128,147
128,149
128,150
128,153
128,154
128,157
128,158
128,161
128,165
129,25
129,26
129,27
129,28
129,29
129,30
129,31
129,32
129,34
129,35
129,37
129,39
129,40
129,41
129,42
129,44
129,45
129,46
129,47
129,48
129,49
129,57
129,60
129,61
129,68
129,74
129,80
129,112
129,113
129,114
129,115
129,116
129,117
129,118
129,120
129,121
129,122
129,123
129,124
129,125
129,126
129,128
129,129
129,130
129,131
129,132
129,133
129,134
129,135
129,136
129,138
129,140
129,141
129,143
129,144
129,146
129,147
129,149
129,150
129,153
129,154
129,157
129,158
129,161
129,165
130,25
130,26
130,27
130,28
130,29
130,30
130,31
130,32
130,34
130,35
130,37
130,39
130,40
130,41
130,42
130,44
130,45
130,46
130,47
130,48
130,49
130,57
130,60
130,61
130,68
130,74
130,80
130,112
130,113
130,114
130,115
130,116
130,117
130,118
130,120
130,121
130,122
130,123
130,124
130,125
130,126
130,128
130,129
130,130
130,131
130,132
130,133
130,134
130,135
130,136
130,138
130,140
130,141
130,143
130,144
130,146
130,147
130,149
130,150
130,153
130,154
130,157
130,158
130,161
130,165
131,33
131,36
131,38
131,43
131,50
131,51
131,52
131,53
131,54
131,55
131,56
131,58
131,59
131,62
131,63
131,64
131,65
131,66
131,67
131,69
131,70
131,71
131,72
131,73
131,75
131,76
131,77
131,78
131,79
131,81
131,82
131,83
131,84
131,119
131,127
131,137
131,139
131,142
131,145
131,148
131,151
131,152
131,155
131,156
131,159
131,160
131,162
131,163
131,164
131,166
132,25
132,26
132,27
132,28
132,29
132,30
132,31
132,32
132,34
132,35
132,37
132,39
132,40
132,41
132,42
132,44
132,45
132,46
132,47
132,48
132,49
132,57
132,60
132,61
132,68
132,74
132,80
132,112
132,113
132,114
132,115
132,116
132,117
132,118
132,120
132,121
132,122
132,123
132,124
132,125
132,126
132,128
132,129
132,130
132,131
132,132
132,133
132,134
132,135
132,136
132,138
132,140
132,141
132,143
132,144
132,146
132,147
132,149
132,150
132,153
132,154
132,157
132,158
132,161
132,165
133,25
133,26
133,27
133,28
133,29
133,30
133,31
133,32
133,34
133,35
133,37
133,39
133,40
133,41
133,42
133,44
133,45
133,46
133,47
133,48
133,49
133,57
133,60
133,61
133,68
133,74
133,80
133,112
133,113
133,114
133,115
133,116
133,117
133,118
133,120
133,121
133,122
133,123
133,124
133,125
133,126
133,128
133,129
133,130
133,131
133,132
133,133
133,134
133,135
133,136
133,138
133,140
133,141
133,143
133,144
133,146
133,147
133,149
133,150
133,153
133,154
133,157
133,158
133,161
133,165
134,33
134,36
134,38
134,43
134,50
134,51
134,52
134,53
134,54
134,55
134,56
134,58
134,59
134,62
134,63
134,64
134,65
134,66
134,67
134,69
134,70
134,71
134,72
134,73
134,75
134,76
134,77
134,78
134,79
134,81
134,82
134,83
134,84
134,119
134,127
134,137
134,139
134,142
134,145
134,148
134,151
134,152
134,155
134,156
134,159
134,160
134,162
134,163
134,164
134,166
135,25
135,26
135,27
135,28
135,29
135,30
135,31
135,32
135,34
135,35
135,37
135,39
135,40
135,41
135,42
135,44
135,45
135,46
135,47
135,48
135,49
135,57
135,60
135,61
135,68
135,74
135,80
135,112
135,113
135,114
135,115
135,116
135,117
135,118
135,120
135,121
135,122
135,123
135,124
135,125
135,126
135,128
135,129
135,130
135,131
135,132
135,133
135,134
135,135
135,136
135,138
135,140
135,141
135,143
135,144
135,146
135,147
135,149
135,150
135,153
135,154
135,157
135,158
135,161
135,165
136,25
136,26
136,27
136,28
136,29
136,30
136,31
136,32
136,34
136,35
136,37
136,39
136,40
136,41
136,42
136,44
136,45
136,46
136,47
136,48
136,49
136,57
136,60
136,61
136,68
136,74
136,80
136,112
136,113
136,114
136,115
136,116
136,117
136,118
136,120
136,121
136,122
136,123
136,124
136,125
136,126
136,128
136,129
136,130
136,131
136,132
136,133
136,134
136,135
136,136
136,138
136,140
136,141
136,143
136,144
136,146
136,147
136,149
136,150
136,153
136,154
136,157
136,158
136,161
136,165
137,25
137,26
137,27
137,28
137,29
137,30
137,31
137,32
137,34
137,35
137,37
137,39
137,40
137,41
137,42
137,44
137,45
137,46
137,47
137,48
137,49
137,57
137,60
137,61
137,68
137,74
137,80
137,112
137,113
137,114
137,115
137,116
137,117
137,118
137,120
137,121
137,122
137,123
137,124
137,125
137,126
137,128
137,129
137,130
137,131
137,132
137,133
137,134
137,135
137,136
137,138
137,140
137,141
137,143
137,144
137,146
137,147
137,149
137,150
137,153
137,154
137,157
137,158
137,161
137,165
138,25
138,26
138,27
138,28
138,29
138,30
138,31
138,32
138,34
138,35
138,37
138,39
138,40
138,41
138,42
138,44
138,45
138,46
138,47
138,48
138,49
138,57
138,60
138,61
138,68
138,74
138,80
138,112
138,113
138,114
138,115
138,116
138,117
138,118
138,120
138,121
138,122
138,123
138,124
138,125
138,126
138,128
138,129
138,130
138,131
138,132
138,133
138,134
138,135
138,136
138,138
138,140
138,141
138,143
138,144
138,146
138,147
138,149
138,150
138,153
138,154
138,157
138,158
138,161
138,165
139,25
139,26
139,27
139,28
139,29
139,30
139,31
139,32
139,34
139,35
139,37
139,39
139,40
139,41
139,42
139,44
139,45
139,46
139,47
139,48
139,49
139,57
139,60
139,61
139,68
139,74
139,80
139,112
139,113
139,114
139,115
139,116
139,117
139,118
139,120
139,121
139,122
139,123
139,124
139,125
139,126
139,128
139,129
139,130
139,131
139,132
139,133
139,134
139,135
139,136
139,138
139,140
139,141
139,143
139,144
139,146
139,147
139,149
139,150
139,153
139,154
139,157
139,158
139,161
139,165
140,25
140,26
140,27
140,28
140,29
140,30
140,31
140,32
140,34
140,35
140,37
140,39
140,40
140,41
140,42
140,44
140,45
140,46
140,47
140,48
140,49
140,57
140,60
140,61
140,68
140,74
140,80
140,112
140,113
140,114
140,115
140,116
140,117
140,118
140,120
140,121
140,122
140,123
140,124
140,125
140,126
140,128
140,129
140,130
140,131
140,132
140,133
140,134
140,135
140,136
140,138
140,140
140,141
140,143
140,144
140,146
140,147
140,149
140,150
140,153
140,154
140,157
140,158
140,161
140,165
141,25
141,26
141,27
141,28
141,29
141,30
141,31
141,32
141,34
141,35
141,37
141,39
141,40
141,41
141,42
141,44
141,45
141,46
141,47
141,48
141,49
141,57
141,60
141,61
141,68
141,74
141,80
141,112
141,113
141,114
141,115
141,116
141,117
141,118
141,120
141,121
141,122
141,123
141,124
141,125
141,126
141,128
141,129
141,130
141,131
141,132
141,133
141,134
141,135
141,136
141,138
141,140
141,141
141,143
141,144
141,146
141,147
141,149
141,150
141,153
141,154
141,157
141,158
141,161
141,165
142,33
142,36
142,38
142,43
142,50
142,51
142,52
142,53
142,54
142,55
142,56
142,58
142,59
142,62
142,63
142,64
142,65
142,66
142,67
142,69
142,70
142,71
142,72
142,73
142,75
142,76
142,77
142,78
142,79
142,81
142,82
142,83
142,84
142,119
142,127
142,137
142,139
142,142
142,145
142,148
142,151
142,152
142,155
142,156
142,159
142,160
142,162
142,163
142,164
142,166
143,33
143,36
143,38
143,43
143,50
143,51
143,52
143,53
143,54
143,55
143,56
143,58
143,59
143,62
143,63
143,64
143,65
143,66
143,67
143,69
143,70
143,71
143,72
143,73
143,75
143,76
143,77
143,78
143,79
143,81
143,82
143,83
143,84
143,119
143,127
143,137
143,139
143,142
143,145
143,148
143,151
143,152
143,155
143,156
143,159
143,160
143,162
143,163
143,164
143,166
144,33
144,36
144,38
144,43
144,50
144,51
144,52
144,53
144,54
144,55
144,56
144,58
144,59
144,62
144,63
144,64
144,65
144,66
144,67
144,69
144,70
144,71
144,72
144,73
144,75
144,76
144,77
144,78
144,79
144,81
144,82
144,83
144,84
144,119
144,127
144,137
144,139
144,142
144,145
144,148
144,151
144,152
144,155
144,156
144,159
144,160
144,162
144,163
144,164
144,166
145,25
145,26
145,27
145,28
145,29
145,30
145,31
145,32
145,34
145,35
145,37
145,39
145,40
145,41
145,42
145,44
145,45
145,46
145,47
145,48
145,49
145,57
145,60
145,61
145,68
145,74
145,80
145,112
145,113
145,114
145,115
145,116
145,117
145,118
145,120
145,121
145,122
145,123
145,124
145,125
145,126
145,128
145,129
145,130
145,131
145,132
145,133
145,134
145,135
145,136
145,138
145,140
145,141
145,143
145,144
145,146
145,147
145,149
145,150
145,153
145,154
145,157
145,158
145,161
145,165
146,33
146,36
146,38
146,43
146,50
146,51
146,52
146,53
146,54
146,55
146,56
146,58
146,59
146,62
146,63
146,64
146,65
146,66
146,67
146,69
146,70
146,71
146,72
146,73
146,75
146,76
146,77
146,78
146,79
146,81
146,82
146,83
146,84
146,119
146,127
146,137
146,139
146,142
146,145
146,148
146,151
146,152
146,155
146,156
146,159
146,160
146,162
146,163
146,164
146,166
147,25
147,26
147,27
147,28
147,29
147,30
147,31
147,32
147,34
147,35
147,37
147,39
147,40
147,41
147,42
147,44
147,45
147,46
147,47
147,48
147,49
147,57
147,60
147,61
147,68
147,74
147,80
147,112
147,113
147,114
147,115
147,116
147,117
147,118
147,120
147,121
147,122
147,123
147,124
147,125
147,126
147,128
147,129
147,130
147,131
147,132
147,133
147,134
147,135
147,136
147,138
147,140
147,141
147,143
147,144
147,146
147,147
147,149
147,150
147,153
147,154
147,157
147,158
147,161
147,165
148,33
148,36
148,38
148,43
148,50
148,51
148,52
148,53
148,54
148,55
148,56
148,58
148,59
148,62
148,63
148,64
148,65
148,66
148,67
148,69
148,70
148,71
148,72
148,73
148,75
148,76
148,77
148,78
148,79
148,81
148,82
148,83
148,84
148,119
148,127
148,137
148,139
148,142
148,145
148,148
148,151
148,152
148,155
148,156
148,159
148,160
148,162
148,163
148,164
148,166
149,25
149,26
149,27
149,28
149,29
149,30
149,31
149,32
149,34
149,35
149,37
149,39
149,40
149,41
149,42
149,44
149,45
149,46
149,47
149,48
149,49
149,57
149,60
149,61
149,68
149,74
149,80
149,112
149,113
149,114
149,115
149,116
149,117
149,118
149,120
149,121
149,122
149,123
149,124
149,125
149,126
149,128
149,129
149,130
149,131
149,132
149,133
149,134
149,135
149,136
149,138
149,140
149,141
149,143
149,144
149,146
149,147
149,149
149,150
149,153
149,154
149,157
149,158
149,161
149,165
150,25
150,26
150,27
150,28
150,29
150,30
150,31
150,32
150,34
150,35
150,37
150,39
150,40
150,41
150,42
150,44
150,45
150,46
150,47
150,48
150,49
150,57
150,60
150,61
150,68
150,74
150,80
150,112
150,113
150,114
150,115
150,116
150,117
150,118
150,120
150,121
150,122
150,123
150,124
150,125
150,126
150,128
150,129
150,130
150,131
150,132
150,133
150,134
150,135
150,136
150,138
150,140
150,141
150,143
150,144
150,146
150,147
150,149
150,150
150,153
150,154
150,157
150,158
150,161
150,165
151,25
151,26
151,27
151,28
151,29
151,30
151,31
151,32
151,34
151,35
151,37
151,39
151,40
151,41
151,42
151,44
151,45
151,46
151,47
151,48
151,49
151,57
151,60
151,61
151,68
151,74
151,80
151,112
151,113
151,114
151,115
151,116
151,117
151,118
151,120
151,121
151,122
151,123
151,124
151,125
151,126
151,128
151,129
151,130
151,131
151,132
151,133
151,134
151,135
151,136
151,138
151,140
151,141
151,143
151,144
151,146
151,147
151,149
151,150
151,153
151,154
151,157
151,158
151,161
151,165
152,25
152,26
152,27
152,28
152,29
152,30
152,31
152,32
152,34
152,35
152,37
152,39
152,40
152,41
152,42
152,44
152,45
152,46
152,47
152,48
152,49
152,57
152,60
152,61
152,68
152,74
152,80
152,112
152,113
152,114
152,115
152,116
152,117
152,118
152,120
152,121
152,122
152,123
152,124
152,125
152,126
152,128
152,129
152,130
152,131
152,132
152,133
152,134
152,135
152,136
152,138
152,140
152,141
152,143
152,144
152,146
152,147
152,149
152,150
152,153
152,154
152,157
152,158
152,161
152,165
153,25
153,26
153,27
153,28
153,29
153,30
153,31
153,32
153,34
153,35
153,37
153,39
153,40
153,41
153,42
153,44
153,45
153,46
153,47
153,48
153,49
153,57
153,60
153,61
153,68
153,74
153,80
153,112
153,113
153,114
153,115
153,116
153,117
153,118
153,120
153,121
153,122
153,123
153,124
153,125
153,126
153,128
153,129
153,130
153,131
153,132
153,133
153,134
153,135
153,136
153,138
153,140
153,141
153,143
153,144
153,146
153,147
153,149
153,150
153,153
153,154
153,157
153,158
153,161
153,165
154,25
154,26
154,27
154,28
154,29
154,30
154,31
154,32
154,34
154,35
154,37
154,39
154,40
154,41
154,42
154,44
154,45
154,46
154,47
154,48
154,49
154,57
154,60
154,61
154,68
154,74
154,80
154,112
154,113
154,114
154,115
154,116
154,117
154,118
154,120
154,121
154,122
154,123
154,124
154,125
154,126
154,128
154,129
154,130
154,131
154,132
154,133
154,134
154,135
154,136
154,138
154,140
154,141
154,143
154,144
154,146
154,147
154,149
154,150
154,153
154,154
154,157
154,158
154,161
154,165
155,33
155,36
155,38
155,43
155,50
155,51
155,52
155,53
155,54
155,55
155,56
155,58
155,59
155,62
155,63
155,64
155,65
155,66
155,67
155,69
155,70
155,71
155,72
155,73
155,75
155,76
155,77
155,78
155,79
155,81
155,82
155,83
155,84
155,119
155,127
155,137
155,139
155,142
155,145
155,148
155,151
155,152
155,155
155,156
155,159
155,160
155,162
155,163
155,164
155,166
156,25
156,26
156,27
156,28
156,29
156,30
156,31
156,32
156,34
156,35
156,37
156,39
156,40
156,41
156,42
156,44
156,45
156,46
156,47
156,48
156,49
156,57
156,60
156,61
156,68
156,74
156,80
156,112
156,113
156,114
156,115
156,116
156,117
156,118
156,120
156,121
156,122
156,123
156,124
156,125
156,126
156,128
156,129
156,130
156,131
156,132
156,133
156,134
156,135
156,136
156,138
156,140
156,141
156,143
156,144
156,146
156,147
156,149
156,150
156,153
156,154
156,157
156,158
156,161
156,165
157,33
157,36
157,38
157,43
157,50
157,51
157,52
157,53
157,54
157,55
157,56
157,58
157,59
157,62
157,63
157,64
157,65
157,66
157,67
157,69
157,70
157,71
157,72
157,73
157,75
157,76
157,77
157,78
157,79
157,81
157,82
157,83
157,84
157,119
157,127
157,137
157,139
157,142
157,145
157,148
157,151
157,152
157,155
157,156
157,159
157,160
157,162
157,163
157,164
157,166
158,33
158,36
158,38
158,43
158,50
158,51
158,52
158,53
158,54
158,55
158,56
158,58
158,59
158,62
158,63
158,64
158,65
158,66
158,67
158,69
158,70
158,71
158,72
158,73
158,75
158,76
158,77
158,78
158,79
158,81
158,82
158,83
158,84
158,119
158,127
158,137
158,139
158,142
158,145
158,148
158,151
158,152
158,155
158,156
158,159
158,160
158,162
158,163
158,164
158,166
159,33
159,36
159,38
159,43
159,50
159,51
159,52
159,53
159,54
159,55
159,56
159,58
159,59
159,62
159,63
159,64
159,65
159,66
159,67
159,69
159,70
159,71
159,72
159,73
159,75
159,76
159,77
159,78
159,79
159,81
159,82
159,83
159,84
159,119
159,127
159,137
159,139
159,142
159,145
159,148
159,151
159,152
159,155
159,156
159,159
159,160
159,162
159,163
159,164
159,166
160,33
160,36
160,38
160,43
160,50
160,51
160,52
160,53
160,54
160,55
160,56
160,58
160,59
160,62
160,63
160,64
160,65
160,66
160,67
160,69
160,70
160,71
160,72
160,73
160,75
160,76
160,77
160,78
160,79
160,81
160,82
160,83
160,84
160,119
160,127
160,137
160,139
160,142
160,145
160,148
160,151
160,152
160,155
160,156
160,159
160,160
160,162
160,163
160,164
160,166
161,25
161,26
161,27
161,28
161,29
161,30
161,31
161,32
161,34
161,35
161,37
161,39
161,40
161,41
161,42
161,44
161,45
161,46
161,47
161,48
161,49
161,57
161,60
161,61
161,68
161,74
161,80
161,112
161,113
161,114
161,115
161,116
161,117
161,118
161,120
161,121
161,122
161,123
161,124
161,125
161,126
161,128
161,129
161,130
161,131
161,132
161,133
161,134
161,135
161,136
161,138
161,140
161,141
161,143
161,144
161,146
161,147
161,149
161,150
161,153
161,154
161,157
161,158
161,161
161,165
162,25
162,26
162,27
162,28
162,29
162,30
162,31
162,32
162,34
162,35
162,37
162,39
162,40
162,41
162,42
162,44
162,45
162,46
162,47
162,48
162,49
162,57
162,60
162,61
162,68
162,74
162,80
162,112
162,113
162,114
162,115
162,116
162,117
162,118
162,120
162,121
162,122
162,123
162,124
162,125
162,126
162,128
162,129
162,130
162,131
162,132
162,133
162,134
162,135
162,136
162,138
162,140
162,141
162,143
162,144
162,146
162,147
162,149
162,150
162,153
162,154
162,157
162,158
162,161
162,165
163,25
163,26
163,27
163,28
163,29
163,30
163,31
163,32
163,34
163,35
163,37
163,39
163,40
163,41
163,42
163,44
163,45
163,46
163,47
163,48
163,49
163,57
163,60
163,61
163,68
163,74
163,80
163,112
163,113
163,114
163,115
163,116
163,117
163,118
163,120
163,121
163,122
163,123
163,124
163,125
163,126
163,128
163,129
163,130
163,131
163,132
163,133
163,134
163,135
163,136
163,138
163,140
163,141
163,143
163,144
163,146
163,147
163,149
163,150
163,153
163,154
163,157
163,158
163,161
163,165
164,25
164,26
164,27
164,28
164,29
164,30
164,31
164,32
164,34
164,35
164,37
164,39
164,40
164,41
164,42
164,44
164,45
164,46
164,47
164,48
164,49
164,57
164,60
164,61
164,68
164,74
164,80
164,112
164,113
164,114
164,115
164,116
164,117
164,118
164,120
164,121
164,122
164,123
164,124
164,125
164,126
164,128
164,129
164,130
164,131
164,132
164,133
164,134
164,135
164,136
164,138
164,140
164,141
164,143
164,144
164,146
164,147
164,149
164,150
164,153
164,154
164,157
164,158
164,161
164,165
165,25
165,26
165,27
165,28
165,29
165,30
165,31
165,32
165,34
165,35
165,37
165,39
165,40
165,41
165,42
165,44
165,45
165,46
165,47
165,48
165,49
165,57
165,60
165,61
165,68
165,74
165,80
165,112
165,113
165,114
165,115
165,116
165,117
165,118
165,120
165,121
165,122
165,123
165,124
165,125
165,126
165,128
165,129
165,130
165,131
165,132
165,133
165,134
165,135
165,136
165,138
165,140
165,141
165,143
165,144
165,146
165,147
165,149
165,150
165,153
165,154
165,157
165,158
165,161
165,165
166,33
166,36
166,38
166,43
166,50
166,51
166,52
166,53
166,54
166,55
166,56
166,58
166,59
166,62
166,63
166,64
166,65
166,66
166,67
166,69
166,70
166,71
166,72
166,73
166,75
166,76
166,77
166,78
166,79
166,81
166,82
166,83
166,84
166,119
166,127
166,137
166,139
166,142
166,145
166,148
166,151
166,152
166,155
166,156
166,159
166,160
166,162
166,163
166,164
166,166
167,25
167,26
167,27
167,28
167,29
167,30
167,31
167,32
167,34
167,35
167,37
167,39
167,40
167,41
167,42
167,44
167,45
167,46
167,47
167,48
167,49
167,57
167,60
167,61
167,68
167,74
167,80
167,112
167,113
167,114
167,115
167,116
167,117
167,118
167,120
167,121
167,122
167,123
167,124
167,125
167,126
167,128
167,129
167,130
167,131
167,132
167,133
167,134
167,135
167,136
167,138
167,140
167,141
167,143
167,144
167,146
167,147
167,149
167,150
167,153
167,154
167,157
167,158
167,161
167,165
168,33
168,36
168,38
168,43
168,50
168,51
168,52
168,53
168,54
168,55
168,56
168,58
168,59
168,62
168,63
168,64
168,65
168,66
168,67
168,69
168,70
168,71
168,72
168,73
168,75
168,76
168,77
168,78
168,79
168,81
168,82
168,83
168,84
168,119
168,127
168,137
168,139
168,142
168,145
168,148
168,151
168,152
168,155
168,156
168,159
168,160
168,162
168,163
168,164
168,166
